,open,high,low,close,adjclose,volume,ticker
2021-03-23,123.33000183105469,124.23999786376953,122.13999938964844,122.54000091552734,120.43963623046875,95467100,AAPL
2021-03-24,122.81999969482422,122.9000015258789,120.06999969482422,120.08999633789062,118.03162384033203,88530500,AAPL
2021-03-25,119.54000091552734,121.66000366210938,119.0,120.58999633789062,118.52305603027344,98844700,AAPL
2021-03-26,120.3499984741211,121.4800033569336,118.91999816894531,121.20999908447266,119.1324234008789,94071200,AAPL
2021-03-29,121.6500015258789,122.58000183105469,120.7300033569336,121.38999938964844,119.30933380126953,80819200,AAPL
2021-03-30,120.11000061035156,120.4000015258789,118.86000061035156,119.9000015258789,117.84489440917969,85671900,AAPL
2021-03-31,121.6500015258789,123.5199966430664,121.1500015258789,122.1500015258789,120.05632781982422,118323800,AAPL
2021-04-01,123.66000366210938,124.18000030517578,122.48999786376953,123.0,120.89175415039062,75089100,AAPL
2021-04-05,123.87000274658203,126.16000366210938,123.06999969482422,125.9000015258789,123.74205017089844,88651200,AAPL
2021-04-06,126.5,127.12999725341797,125.6500015258789,126.20999908447266,124.04672241210938,80171300,AAPL
2021-04-07,125.83000183105469,127.91999816894531,125.13999938964844,127.9000015258789,125.70775604248047,83466700,AAPL
2021-04-08,128.9499969482422,130.38999938964844,128.52000427246094,130.36000061035156,128.12559509277344,88844600,AAPL
2021-04-09,129.8000030517578,133.0399932861328,129.47000122070312,133.0,130.72032165527344,106686700,AAPL
2021-04-12,132.52000427246094,132.85000610351562,130.6300048828125,131.24000549316406,128.99053955078125,91420000,AAPL
2021-04-13,132.44000244140625,134.66000366210938,131.92999267578125,134.42999267578125,132.12582397460938,91266500,AAPL
2021-04-14,134.94000244140625,135.0,131.66000366210938,132.02999877929688,129.76698303222656,87222800,AAPL
2021-04-15,133.82000732421875,135.0,133.63999938964844,134.5,132.1946563720703,89347100,AAPL
2021-04-16,134.3000030517578,134.6699981689453,133.27999877929688,134.16000366210938,131.8604736328125,84922400,AAPL
2021-04-19,133.50999450683594,135.47000122070312,133.33999633789062,134.83999633789062,132.52879333496094,94264200,AAPL
2021-04-20,135.02000427246094,135.52999877929688,131.80999755859375,133.11000061035156,130.82846069335938,94812300,AAPL
2021-04-21,132.36000061035156,133.75,131.3000030517578,133.5,131.21176147460938,68847100,AAPL
2021-04-22,133.0399932861328,134.14999389648438,131.41000366210938,131.94000244140625,129.6785125732422,84566500,AAPL
2021-04-23,132.16000366210938,135.1199951171875,132.16000366210938,134.32000732421875,132.01776123046875,78657500,AAPL
2021-04-26,134.8300018310547,135.05999755859375,133.55999755859375,134.72000122070312,132.41090393066406,66905100,AAPL
2021-04-27,135.00999450683594,135.41000366210938,134.11000061035156,134.38999938964844,132.0865020751953,66015800,AAPL
2021-04-28,134.30999755859375,135.02000427246094,133.0800018310547,133.5800018310547,131.29039001464844,107760100,AAPL
2021-04-29,136.47000122070312,137.07000732421875,132.4499969482422,133.47999572753906,131.19212341308594,151101000,AAPL
2021-04-30,131.77999877929688,133.55999755859375,131.07000732421875,131.4600067138672,129.20675659179688,109839500,AAPL
2021-05-03,132.0399932861328,134.07000732421875,131.8300018310547,132.5399932861328,130.26820373535156,75135100,AAPL
2021-05-04,131.19000244140625,131.49000549316406,126.69999694824219,127.8499984741211,125.65862274169922,137564700,AAPL
2021-05-05,129.1999969482422,130.4499969482422,127.97000122070312,128.10000610351562,125.90433502197266,84000900,AAPL
2021-05-06,127.88999938964844,129.75,127.12999725341797,129.74000549316406,127.5162353515625,78128300,AAPL
2021-05-07,130.85000610351562,131.25999450683594,129.47999572753906,130.2100067138672,128.195556640625,78973300,AAPL
2021-05-10,129.41000366210938,129.5399932861328,126.80999755859375,126.8499984741211,124.88751983642578,88071200,AAPL
2021-05-11,123.5,126.2699966430664,122.7699966430664,125.91000366210938,123.96208190917969,126142800,AAPL
2021-05-12,123.4000015258789,124.63999938964844,122.25,122.7699966430664,120.87065887451172,112172300,AAPL
2021-05-13,124.58000183105469,126.1500015258789,124.26000213623047,124.97000122070312,123.03660583496094,105861300,AAPL
2021-05-14,126.25,127.88999938964844,125.8499984741211,127.44999694824219,125.4782485961914,81918000,AAPL
2021-05-17,126.81999969482422,126.93000030517578,125.16999816894531,126.2699966430664,124.3165054321289,74244600,AAPL
2021-05-18,126.55999755859375,126.98999786376953,124.77999877929688,124.8499984741211,122.91846466064453,63342900,AAPL
2021-05-19,123.16000366210938,124.91999816894531,122.86000061035156,124.69000244140625,122.76095581054688,92612000,AAPL
2021-05-20,125.2300033569336,127.72000122070312,125.0999984741211,127.30999755859375,125.34042358398438,76857100,AAPL
2021-05-21,127.81999969482422,128.0,125.20999908447266,125.43000030517578,123.489501953125,79295400,AAPL
2021-05-24,126.01000213623047,127.94000244140625,125.94000244140625,127.0999984741211,125.1336669921875,63092900,AAPL
2021-05-25,127.81999969482422,128.32000732421875,126.31999969482422,126.9000015258789,124.93675994873047,72009500,AAPL
2021-05-26,126.95999908447266,127.38999938964844,126.41999816894531,126.8499984741211,124.88751983642578,56575900,AAPL
2021-05-27,126.44000244140625,127.63999938964844,125.08000183105469,125.27999877929688,123.34183502197266,94625600,AAPL
2021-05-28,125.56999969482422,125.80000305175781,124.55000305175781,124.61000061035156,122.68218231201172,71311100,AAPL
2021-06-01,125.08000183105469,125.3499984741211,123.94000244140625,124.27999877929688,122.35728454589844,67637100,AAPL
2021-06-02,124.27999877929688,125.23999786376953,124.05000305175781,125.05999755859375,123.12520599365234,59278900,AAPL
2021-06-03,124.68000030517578,124.8499984741211,123.12999725341797,123.54000091552734,121.62874603271484,76229200,AAPL
2021-06-04,124.06999969482422,126.16000366210938,123.8499984741211,125.88999938964844,123.9423828125,75169300,AAPL
2021-06-07,126.16999816894531,126.31999969482422,124.83000183105469,125.9000015258789,123.95222473144531,71057600,AAPL
2021-06-08,126.5999984741211,128.4600067138672,126.20999908447266,126.73999786376953,124.77924346923828,74403800,AAPL
2021-06-09,127.20999908447266,127.75,126.5199966430664,127.12999725341797,125.1631851196289,56877900,AAPL
2021-06-10,127.0199966430664,128.19000244140625,125.94000244140625,126.11000061035156,124.15897369384766,71186400,AAPL
2021-06-11,126.52999877929688,127.44000244140625,126.0999984741211,127.3499984741211,125.37979125976562,53522400,AAPL
2021-06-14,127.81999969482422,130.5399932861328,127.06999969482422,130.47999572753906,128.46136474609375,96906500,AAPL
2021-06-15,129.94000244140625,130.60000610351562,129.38999938964844,129.63999938964844,127.63436889648438,62746300,AAPL
2021-06-16,130.3699951171875,130.88999938964844,128.4600067138672,130.14999389648438,128.136474609375,91815000,AAPL
2021-06-17,129.8000030517578,132.5500030517578,129.64999389648438,131.7899932861328,129.7510986328125,96721700,AAPL
2021-06-18,130.7100067138672,131.50999450683594,130.24000549316406,130.4600067138672,128.44171142578125,108953300,AAPL
2021-06-21,130.3000030517578,132.41000366210938,129.2100067138672,132.3000030517578,130.2532196044922,79663300,AAPL
2021-06-22,132.1300048828125,134.0800018310547,131.6199951171875,133.97999572753906,131.90721130371094,74783600,AAPL
2021-06-23,133.77000427246094,134.32000732421875,133.22999572753906,133.6999969482422,131.63156127929688,60214200,AAPL
2021-06-24,134.4499969482422,134.63999938964844,132.92999267578125,133.41000366210938,131.34603881835938,68711000,AAPL
2021-06-25,133.4600067138672,133.88999938964844,132.80999755859375,133.11000061035156,131.05067443847656,70783700,AAPL
2021-06-28,133.41000366210938,135.25,133.35000610351562,134.77999877929688,132.69483947753906,62111300,AAPL
2021-06-29,134.8000030517578,136.49000549316406,134.35000610351562,136.3300018310547,134.2208709716797,64556100,AAPL
2021-06-30,136.1699981689453,137.41000366210938,135.8699951171875,136.9600067138672,134.8411407470703,63261400,AAPL
2021-07-01,136.60000610351562,137.3300018310547,135.75999450683594,137.27000427246094,135.1463165283203,52485800,AAPL
2021-07-02,137.89999389648438,140.0,137.75,139.9600067138672,137.79470825195312,78852600,AAPL
2021-07-06,140.07000732421875,143.14999389648438,140.07000732421875,142.02000427246094,139.82286071777344,108181800,AAPL
2021-07-07,143.5399932861328,144.88999938964844,142.66000366210938,144.57000732421875,142.33338928222656,104911600,AAPL
2021-07-08,141.5800018310547,144.05999755859375,140.6699981689453,143.24000549316406,141.02395629882812,105575500,AAPL
2021-07-09,142.75,145.64999389648438,142.64999389648438,145.11000061035156,142.86505126953125,99890800,AAPL
2021-07-12,146.2100067138672,146.32000732421875,144.0,144.5,142.2644500732422,76299700,AAPL
2021-07-13,144.02999877929688,147.4600067138672,143.6300048828125,145.63999938964844,143.38682556152344,100827100,AAPL
2021-07-14,148.10000610351562,149.57000732421875,147.67999267578125,149.14999389648438,146.84251403808594,127050800,AAPL
2021-07-15,149.24000549316406,150.0,147.08999633789062,148.47999572753906,146.18287658691406,106820300,AAPL
2021-07-16,148.4600067138672,149.75999450683594,145.8800048828125,146.38999938964844,144.12522888183594,93251400,AAPL
2021-07-19,143.75,144.07000732421875,141.6699981689453,142.4499969482422,140.24620056152344,121434600,AAPL
2021-07-20,143.4600067138672,147.10000610351562,142.9600067138672,146.14999389648438,143.88894653320312,96350000,AAPL
2021-07-21,145.52999877929688,146.1300048828125,144.6300048828125,145.39999389648438,143.1505584716797,74993500,AAPL
2021-07-22,145.94000244140625,148.1999969482422,145.80999755859375,146.8000030517578,144.52890014648438,77338200,AAPL
2021-07-23,147.5500030517578,148.72000122070312,146.9199981689453,148.55999755859375,146.26165771484375,71447400,AAPL
2021-07-26,148.27000427246094,149.8300018310547,147.6999969482422,148.99000549316406,146.68502807617188,72434100,AAPL
2021-07-27,149.1199951171875,149.2100067138672,145.5500030517578,146.77000427246094,144.4993438720703,104818600,AAPL
2021-07-28,144.80999755859375,146.97000122070312,142.5399932861328,144.97999572753906,142.7370147705078,118931200,AAPL
2021-07-29,144.69000244140625,146.5500030517578,144.5800018310547,145.63999938964844,143.38682556152344,56699500,AAPL
2021-07-30,144.3800048828125,146.3300018310547,144.11000061035156,145.86000061035156,143.60340881347656,70440600,AAPL
2021-08-02,146.36000061035156,146.9499969482422,145.25,145.52000427246094,143.26869201660156,62880000,AAPL
2021-08-03,145.80999755859375,148.0399932861328,145.17999267578125,147.36000061035156,145.08021545410156,64786600,AAPL
2021-08-04,147.27000427246094,147.7899932861328,146.27999877929688,146.9499969482422,144.67657470703125,56368300,AAPL
2021-08-05,146.97999572753906,147.83999633789062,146.1699981689453,147.05999755859375,144.78485107421875,46397700,AAPL
2021-08-06,146.35000610351562,147.11000061035156,145.6300048828125,146.13999938964844,144.0946807861328,54126800,AAPL
2021-08-09,146.1999969482422,146.6999969482422,145.52000427246094,146.08999633789062,144.0453643798828,48908700,AAPL
2021-08-10,146.44000244140625,147.7100067138672,145.3000030517578,145.60000610351562,143.56222534179688,69023100,AAPL
2021-08-11,146.0500030517578,146.72000122070312,145.52999877929688,145.86000061035156,143.81857299804688,48493500,AAPL
2021-08-12,146.19000244140625,149.0500030517578,145.83999633789062,148.88999938964844,146.80618286132812,72282600,AAPL
2021-08-13,148.97000122070312,149.44000244140625,148.27000427246094,149.10000610351562,147.0132293701172,59375000,AAPL
2021-08-16,148.5399932861328,151.19000244140625,146.47000122070312,151.1199951171875,149.00497436523438,103296000,AAPL
2021-08-17,150.22999572753906,151.67999267578125,149.08999633789062,150.19000244140625,148.0880126953125,92229700,AAPL
2021-08-18,149.8000030517578,150.72000122070312,146.14999389648438,146.36000061035156,144.3115997314453,86326000,AAPL
2021-08-19,145.02999877929688,148.0,144.5,146.6999969482422,144.6468048095703,86960300,AAPL
2021-08-20,147.44000244140625,148.5,146.77999877929688,148.19000244140625,146.115966796875,60549600,AAPL
2021-08-23,148.30999755859375,150.19000244140625,147.88999938964844,149.7100067138672,147.61471557617188,60131800,AAPL
2021-08-24,149.4499969482422,150.86000061035156,149.14999389648438,149.6199951171875,147.5259552001953,48606400,AAPL
2021-08-25,149.80999755859375,150.32000732421875,147.8000030517578,148.36000061035156,146.28358459472656,58991300,AAPL
2021-08-26,148.35000610351562,149.1199951171875,147.50999450683594,147.5399932861328,145.4750518798828,48597200,AAPL
2021-08-27,147.47999572753906,148.75,146.8300018310547,148.60000610351562,146.52024841308594,55802400,AAPL
2021-08-30,149.0,153.49000549316406,148.61000061035156,153.1199951171875,150.9769744873047,90956700,AAPL
2021-08-31,152.66000366210938,152.8000030517578,151.2899932861328,151.8300018310547,149.7050323486328,86453100,AAPL
2021-09-01,152.8300018310547,154.97999572753906,152.33999633789062,152.50999450683594,150.37548828125,80313700,AAPL
2021-09-02,153.8699951171875,154.72000122070312,152.39999389648438,153.64999389648438,151.4995880126953,71115500,AAPL
2021-09-03,153.75999450683594,154.6300048828125,153.08999633789062,154.3000030517578,152.14047241210938,57808700,AAPL
2021-09-07,154.97000122070312,157.25999450683594,154.38999938964844,156.69000244140625,154.49700927734375,82278300,AAPL
2021-09-08,156.97999572753906,157.0399932861328,153.97999572753906,155.11000061035156,152.93911743164062,74420200,AAPL
2021-09-09,155.49000549316406,156.11000061035156,153.9499969482422,154.07000732421875,151.91371154785156,57305700,AAPL
2021-09-10,155.0,155.47999572753906,148.6999969482422,148.97000122070312,146.8850555419922,140893200,AAPL
2021-09-13,150.6300048828125,151.4199981689453,148.75,149.5500030517578,147.4569549560547,102404300,AAPL
2021-09-14,150.35000610351562,151.07000732421875,146.91000366210938,148.1199951171875,146.0469512939453,109296300,AAPL
2021-09-15,148.55999755859375,149.44000244140625,146.3699951171875,149.02999877929688,146.94419860839844,83281300,AAPL
2021-09-16,148.44000244140625,148.97000122070312,147.22000122070312,148.7899932861328,146.7075653076172,68034100,AAPL
2021-09-17,148.82000732421875,148.82000732421875,145.75999450683594,146.05999755859375,144.01577758789062,129868800,AAPL
2021-09-20,143.8000030517578,144.83999633789062,141.27000427246094,142.94000244140625,140.939453125,123478900,AAPL
2021-09-21,143.92999267578125,144.60000610351562,142.77999877929688,143.42999267578125,141.4225616455078,75834000,AAPL
2021-09-22,144.4499969482422,146.42999267578125,143.6999969482422,145.85000610351562,143.80873107910156,76404300,AAPL
2021-09-23,146.64999389648438,147.0800018310547,145.63999938964844,146.8300018310547,144.77500915527344,64838200,AAPL
2021-09-24,145.66000366210938,147.47000122070312,145.55999755859375,146.9199981689453,144.86373901367188,53477900,AAPL
2021-09-27,145.47000122070312,145.9600067138672,143.82000732421875,145.3699951171875,143.33544921875,74150700,AAPL
2021-09-28,143.25,144.75,141.69000244140625,141.91000366210938,139.9238739013672,108972300,AAPL
2021-09-29,142.47000122070312,144.4499969482422,142.02999877929688,142.8300018310547,140.83099365234375,74602000,AAPL
2021-09-30,143.66000366210938,144.3800048828125,141.27999877929688,141.5,139.5196075439453,89056700,AAPL
2021-10-01,141.89999389648438,142.9199981689453,139.11000061035156,142.64999389648438,140.6535186767578,94639600,AAPL
2021-10-04,141.75999450683594,142.2100067138672,138.27000427246094,139.13999938964844,137.192626953125,98322000,AAPL
2021-10-05,139.49000549316406,142.24000549316406,139.36000061035156,141.11000061035156,139.13507080078125,80861100,AAPL
2021-10-06,139.47000122070312,142.14999389648438,138.3699951171875,142.0,140.0126190185547,83221100,AAPL
2021-10-07,143.05999755859375,144.22000122070312,142.72000122070312,143.2899932861328,141.2845458984375,61732700,AAPL
2021-10-08,144.02999877929688,144.17999267578125,142.55999755859375,142.89999389648438,140.90003967285156,58773200,AAPL
2021-10-11,142.27000427246094,144.80999755859375,141.80999755859375,142.80999755859375,140.81126403808594,64452200,AAPL
2021-10-12,143.22999572753906,143.25,141.0399932861328,141.50999450683594,139.5294647216797,73035900,AAPL
2021-10-13,141.24000549316406,141.39999389648438,139.1999969482422,140.91000366210938,138.9378662109375,78762700,AAPL
2021-10-14,142.11000061035156,143.8800048828125,141.50999450683594,143.75999450683594,141.74798583984375,69907100,AAPL
2021-10-15,143.77000427246094,144.89999389648438,143.50999450683594,144.83999633789062,142.8128662109375,67940300,AAPL
2021-10-18,143.4499969482422,146.83999633789062,143.16000366210938,146.5500030517578,144.4989471435547,85589200,AAPL
2021-10-19,147.00999450683594,149.1699981689453,146.5500030517578,148.75999450683594,146.677978515625,76378900,AAPL
2021-10-20,148.6999969482422,149.75,148.1199951171875,149.25999450683594,147.17100524902344,58418800,AAPL
2021-10-21,148.80999755859375,149.63999938964844,147.8699951171875,149.47999572753906,147.38792419433594,61421000,AAPL
2021-10-22,149.69000244140625,150.17999267578125,148.63999938964844,148.69000244140625,146.60897827148438,58883400,AAPL
2021-10-25,148.67999267578125,149.3699951171875,147.6199951171875,148.63999938964844,146.55967712402344,50720600,AAPL
2021-10-26,149.3300018310547,150.83999633789062,149.00999450683594,149.32000732421875,147.23016357421875,60893400,AAPL
2021-10-27,149.36000061035156,149.72999572753906,148.49000549316406,148.85000610351562,146.7667236328125,56094900,AAPL
2021-10-28,149.82000732421875,153.1699981689453,149.72000122070312,152.57000732421875,150.4346923828125,100077900,AAPL
2021-10-29,147.22000122070312,149.94000244140625,146.41000366210938,149.8000030517578,147.7034454345703,124953200,AAPL
2021-11-01,148.99000549316406,149.6999969482422,147.8000030517578,148.9600067138672,146.8751983642578,74588300,AAPL
2021-11-02,148.66000366210938,151.57000732421875,148.64999389648438,150.02000427246094,147.9203643798828,69122000,AAPL
2021-11-03,150.38999938964844,151.97000122070312,149.82000732421875,151.49000549316406,149.3697967529297,54511500,AAPL
2021-11-04,151.5800018310547,152.42999267578125,150.63999938964844,150.9600067138672,148.8472137451172,60394600,AAPL
2021-11-05,151.88999938964844,152.1999969482422,150.05999755859375,151.27999877929688,149.38043212890625,65463900,AAPL
2021-11-08,151.41000366210938,151.57000732421875,150.16000366210938,150.44000244140625,148.5509796142578,55020900,AAPL
2021-11-09,150.1999969482422,151.42999267578125,150.05999755859375,150.80999755859375,148.9163360595703,56787900,AAPL
2021-11-10,150.02000427246094,150.1300048828125,147.85000610351562,147.9199981689453,146.06260681152344,65187100,AAPL
2021-11-11,148.9600067138672,149.42999267578125,147.67999267578125,147.8699951171875,146.0132293701172,41000000,AAPL
2021-11-12,148.42999267578125,150.39999389648438,147.47999572753906,149.99000549316406,148.1066131591797,63804000,AAPL
2021-11-15,150.3699951171875,151.8800048828125,149.42999267578125,150.0,148.1165008544922,59222800,AAPL
2021-11-16,149.94000244140625,151.49000549316406,149.33999633789062,151.0,149.10394287109375,59256200,AAPL
2021-11-17,151.0,155.0,150.99000549316406,153.49000549316406,151.56268310546875,88807000,AAPL
2021-11-18,153.7100067138672,158.6699981689453,153.0500030517578,157.8699951171875,155.88766479492188,137827700,AAPL
2021-11-19,157.64999389648438,161.02000427246094,156.52999877929688,160.5500030517578,158.5340118408203,117305600,AAPL
2021-11-22,161.67999267578125,165.6999969482422,161.0,161.02000427246094,158.9981231689453,117467900,AAPL
2021-11-23,161.1199951171875,161.8000030517578,159.05999755859375,161.41000366210938,159.38323974609375,96041900,AAPL
2021-11-24,160.75,162.13999938964844,159.63999938964844,161.94000244140625,159.9065704345703,69463600,AAPL
2021-11-26,159.57000732421875,160.4499969482422,156.36000061035156,156.80999755859375,154.8409881591797,76959800,AAPL
2021-11-29,159.3699951171875,161.19000244140625,158.7899932861328,160.24000549316406,158.2279052734375,88748200,AAPL
2021-11-30,159.99000549316406,165.52000427246094,159.9199981689453,165.3000030517578,163.22438049316406,174048100,AAPL
2021-12-01,167.47999572753906,170.3000030517578,164.52999877929688,164.77000427246094,162.7010498046875,152052500,AAPL
2021-12-02,158.74000549316406,164.1999969482422,157.8000030517578,163.75999450683594,161.70372009277344,136739200,AAPL
2021-12-03,164.02000427246094,164.9600067138672,159.72000122070312,161.83999633789062,159.8078155517578,118023100,AAPL
2021-12-06,164.2899932861328,167.8800048828125,164.27999877929688,165.32000732421875,163.24415588378906,107497000,AAPL
2021-12-07,169.0800018310547,171.5800018310547,168.33999633789062,171.17999267578125,169.03054809570312,120405400,AAPL
2021-12-08,172.1300048828125,175.9600067138672,170.6999969482422,175.0800018310547,172.88157653808594,116998900,AAPL
2021-12-09,174.91000366210938,176.75,173.9199981689453,174.55999755859375,172.36810302734375,108923700,AAPL
2021-12-10,175.2100067138672,179.6300048828125,174.69000244140625,179.4499969482422,177.1967010498047,115402700,AAPL
2021-12-13,181.1199951171875,182.1300048828125,175.52999877929688,175.74000549316406,173.53329467773438,153237000,AAPL
2021-12-14,175.25,177.74000549316406,172.2100067138672,174.3300018310547,172.14100646972656,139380400,AAPL
2021-12-15,175.11000061035156,179.5,172.30999755859375,179.3000030517578,177.04859924316406,131063300,AAPL
2021-12-16,179.27999877929688,181.13999938964844,170.75,172.25999450683594,170.0970001220703,150185800,AAPL
2021-12-17,169.92999267578125,173.47000122070312,169.69000244140625,171.13999938964844,168.99102783203125,195432700,AAPL
2021-12-20,168.27999877929688,170.5800018310547,167.4600067138672,169.75,167.61849975585938,107499100,AAPL
2021-12-21,171.55999755859375,173.1999969482422,169.1199951171875,172.99000549316406,170.8178253173828,91185900,AAPL
2021-12-22,173.0399932861328,175.86000061035156,172.14999389648438,175.63999938964844,173.4345703125,92135300,AAPL
2021-12-23,175.85000610351562,176.85000610351562,175.27000427246094,176.27999877929688,174.06651306152344,68356600,AAPL
2021-12-27,177.08999633789062,180.4199981689453,177.07000732421875,180.3300018310547,178.06564331054688,74919600,AAPL
2021-12-28,180.16000366210938,181.3300018310547,178.52999877929688,179.2899932861328,177.03871154785156,79144300,AAPL
2021-12-29,179.3300018310547,180.6300048828125,178.13999938964844,179.3800048828125,177.12759399414062,62348900,AAPL
2021-12-30,179.47000122070312,180.57000732421875,178.08999633789062,178.1999969482422,175.96240234375,59773000,AAPL
2021-12-31,178.08999633789062,179.22999572753906,177.25999450683594,177.57000732421875,175.34031677246094,64062300,AAPL
2022-01-03,177.8300018310547,182.8800048828125,177.7100067138672,182.00999450683594,179.7245635986328,104487900,AAPL
2022-01-04,182.6300048828125,182.94000244140625,179.1199951171875,179.6999969482422,177.4435577392578,99310400,AAPL
2022-01-05,179.61000061035156,180.1699981689453,174.63999938964844,174.9199981689453,172.7235870361328,94537600,AAPL
2022-01-06,172.6999969482422,175.3000030517578,171.63999938964844,172.0,169.8402557373047,96904000,AAPL
2022-01-07,172.88999938964844,174.13999938964844,171.02999877929688,172.1699981689453,170.00808715820312,86709100,AAPL
2022-01-10,169.0800018310547,172.5,168.1699981689453,172.19000244140625,170.02786254882812,106765600,AAPL
2022-01-11,172.32000732421875,175.17999267578125,170.82000732421875,175.0800018310547,172.88157653808594,76138300,AAPL
2022-01-12,176.1199951171875,177.17999267578125,174.82000732421875,175.52999877929688,173.32594299316406,74805200,AAPL
2022-01-13,175.77999877929688,176.6199951171875,171.7899932861328,172.19000244140625,170.02786254882812,84505800,AAPL
2022-01-14,171.33999633789062,173.77999877929688,171.08999633789062,173.07000732421875,170.89682006835938,80440800,AAPL
2022-01-18,171.50999450683594,172.5399932861328,169.41000366210938,169.8000030517578,167.66787719726562,90956700,AAPL
2022-01-19,170.0,171.0800018310547,165.94000244140625,166.22999572753906,164.14273071289062,94815000,AAPL
2022-01-20,166.97999572753906,169.67999267578125,164.17999267578125,164.50999450683594,162.44432067871094,91420500,AAPL
2022-01-21,164.4199981689453,166.3300018310547,162.3000030517578,162.41000366210938,160.3706817626953,122848900,AAPL
2022-01-24,160.02000427246094,162.3000030517578,154.6999969482422,161.6199951171875,159.590576171875,162294600,AAPL
2022-01-25,158.97999572753906,162.75999450683594,157.02000427246094,159.77999877929688,157.77369689941406,115798400,AAPL
2022-01-26,163.5,164.38999938964844,157.82000732421875,159.69000244140625,157.68484497070312,108275300,AAPL
2022-01-27,162.4499969482422,163.83999633789062,158.27999877929688,159.22000122070312,157.220703125,121954600,AAPL
2022-01-28,165.7100067138672,170.35000610351562,162.8000030517578,170.3300018310547,168.1912078857422,179935700,AAPL
2022-01-31,170.16000366210938,175.0,169.50999450683594,174.77999877929688,172.5853271484375,115541600,AAPL
2022-02-01,174.00999450683594,174.83999633789062,172.30999755859375,174.61000061035156,172.41749572753906,86213900,AAPL
2022-02-02,174.75,175.8800048828125,173.3300018310547,175.83999633789062,173.63201904296875,84914300,AAPL
2022-02-03,174.47999572753906,176.24000549316406,172.1199951171875,172.89999389648438,170.72894287109375,89418100,AAPL
2022-02-04,171.67999267578125,174.10000610351562,170.67999267578125,172.38999938964844,170.44223022460938,82465400,AAPL
2022-02-07,172.86000061035156,173.9499969482422,170.9499969482422,171.66000366210938,169.72047424316406,77251200,AAPL
2022-02-08,171.72999572753906,175.35000610351562,171.42999267578125,174.8300018310547,172.85467529296875,74829200,AAPL
2022-02-09,176.0500030517578,176.64999389648438,174.89999389648438,176.27999877929688,174.2882843017578,71285000,AAPL
2022-02-10,174.13999938964844,175.47999572753906,171.5500030517578,172.1199951171875,170.17529296875,90865900,AAPL
2022-02-11,172.3300018310547,173.0800018310547,168.0399932861328,168.63999938964844,166.73458862304688,98670700,AAPL
2022-02-14,167.3699951171875,169.5800018310547,166.55999755859375,168.8800048828125,166.97189331054688,86185500,AAPL
2022-02-15,170.97000122070312,172.9499969482422,170.25,172.7899932861328,170.83773803710938,62527400,AAPL
2022-02-16,171.85000610351562,173.33999633789062,170.0500030517578,172.5500030517578,170.60043334960938,61177400,AAPL
2022-02-17,171.02999877929688,171.91000366210938,168.47000122070312,168.8800048828125,166.97189331054688,69589300,AAPL
2022-02-18,169.82000732421875,170.5399932861328,166.19000244140625,167.3000030517578,165.40972900390625,82772700,AAPL
2022-02-22,164.97999572753906,166.69000244140625,162.14999389648438,164.32000732421875,162.4634246826172,91162800,AAPL
2022-02-23,165.5399932861328,166.14999389648438,159.75,160.07000732421875,158.2614288330078,90009200,AAPL
2022-02-24,152.5800018310547,162.85000610351562,152.0,162.74000549316406,160.90127563476562,141147500,AAPL
2022-02-25,163.83999633789062,165.1199951171875,160.8699951171875,164.85000610351562,162.9874267578125,91974200,AAPL
2022-02-28,163.05999755859375,165.4199981689453,162.42999267578125,165.1199951171875,163.25436401367188,95056600,AAPL
2022-03-01,164.6999969482422,166.60000610351562,161.97000122070312,163.1999969482422,161.35606384277344,83474400,AAPL
2022-03-02,164.38999938964844,167.36000061035156,162.9499969482422,166.55999755859375,164.67808532714844,79724800,AAPL
2022-03-03,168.47000122070312,168.91000366210938,165.5500030517578,166.22999572753906,164.3518524169922,76678400,AAPL
2022-03-04,164.49000549316406,165.5500030517578,162.10000610351562,163.1699981689453,161.326416015625,83737200,AAPL
2022-03-07,163.36000061035156,165.02000427246094,159.0399932861328,159.3000030517578,157.50013732910156,96418800,AAPL
2022-03-08,158.82000732421875,162.8800048828125,155.8000030517578,157.44000244140625,155.66114807128906,131148300,AAPL
2022-03-09,161.47999572753906,163.41000366210938,159.41000366210938,162.9499969482422,161.10890197753906,91454900,AAPL
2022-03-10,160.1999969482422,160.38999938964844,155.97999572753906,158.52000427246094,156.7289581298828,105342000,AAPL
2022-03-11,158.92999267578125,159.27999877929688,154.5,154.72999572753906,152.98175048828125,96970100,AAPL
2022-03-14,151.4499969482422,154.1199951171875,150.10000610351562,150.6199951171875,148.918212890625,108732100,AAPL
2022-03-15,150.89999389648438,155.57000732421875,150.3800048828125,155.08999633789062,153.33770751953125,92964300,AAPL
2022-03-16,157.0500030517578,160.0,154.4600067138672,159.58999633789062,157.78684997558594,102300200,AAPL
2022-03-17,158.61000061035156,161.0,157.6300048828125,160.6199951171875,158.80520629882812,75615400,AAPL
2022-03-18,160.50999450683594,164.47999572753906,159.75999450683594,163.97999572753906,162.1272430419922,123511700,AAPL
2022-03-21,163.50999450683594,166.35000610351562,163.00999450683594,165.3800048828125,163.51144409179688,95811400,AAPL
2022-03-22,165.50999450683594,169.4199981689453,164.91000366210938,168.82000732421875,166.91258239746094,81532000,AAPL
2022-03-23,167.99000549316406,172.63999938964844,167.64999389648438,170.2100067138672,168.28684997558594,98062700,AAPL
2022-03-24,171.05999755859375,174.13999938964844,170.2100067138672,174.07000732421875,172.103271484375,90131400,AAPL
2022-03-25,173.8800048828125,175.27999877929688,172.75,174.72000122070312,172.74594116210938,80546200,AAPL
2022-03-28,172.1699981689453,175.72999572753906,172.0,175.60000610351562,173.615966796875,90371900,AAPL
2022-03-29,176.69000244140625,179.00999450683594,176.33999633789062,178.9600067138672,176.93800354003906,100589400,AAPL
2022-03-30,178.5500030517578,179.61000061035156,176.6999969482422,177.77000427246094,175.76144409179688,92633200,AAPL
2022-03-31,177.83999633789062,178.02999877929688,174.39999389648438,174.61000061035156,172.6371612548828,103049300,AAPL
2022-04-01,174.02999877929688,174.8800048828125,171.94000244140625,174.30999755859375,172.34054565429688,78751300,AAPL
2022-04-04,174.57000732421875,178.49000549316406,174.44000244140625,178.44000244140625,176.4238739013672,76468400,AAPL
2022-04-05,177.5,178.3000030517578,174.4199981689453,175.05999755859375,173.08204650878906,73401800,AAPL
2022-04-06,172.36000061035156,173.6300048828125,170.1300048828125,171.8300018310547,169.88856506347656,89058800,AAPL
2022-04-07,171.16000366210938,173.36000061035156,169.85000610351562,172.13999938964844,170.19505310058594,77594700,AAPL
2022-04-08,171.77999877929688,171.77999877929688,169.1999969482422,170.08999633789062,168.168212890625,76575500,AAPL
2022-04-11,168.7100067138672,169.02999877929688,165.5,165.75,163.87725830078125,72246700,AAPL
2022-04-12,168.02000427246094,169.8699951171875,166.63999938964844,167.66000366210938,165.7656707763672,79265200,AAPL
2022-04-13,167.38999938964844,171.0399932861328,166.77000427246094,170.39999389648438,168.47471618652344,70618900,AAPL
2022-04-14,170.6199951171875,171.27000427246094,165.0399932861328,165.2899932861328,163.4224395751953,75329400,AAPL
2022-04-18,163.9199981689453,166.60000610351562,163.57000732421875,165.07000732421875,163.20494079589844,69023900,AAPL
2022-04-19,165.02000427246094,167.82000732421875,163.91000366210938,167.39999389648438,165.50860595703125,67723800,AAPL
2022-04-20,168.75999450683594,168.8800048828125,166.10000610351562,167.22999572753906,165.3405303955078,67929800,AAPL
2022-04-21,168.91000366210938,171.52999877929688,165.91000366210938,166.4199981689453,164.53968811035156,87227800,AAPL
2022-04-22,166.4600067138672,167.8699951171875,161.5,161.7899932861328,159.9619903564453,84882400,AAPL
2022-04-25,161.1199951171875,163.1699981689453,158.4600067138672,162.8800048828125,161.03970336914062,96046400,AAPL
2022-04-26,162.25,162.33999633789062,156.72000122070312,156.8000030517578,155.0283660888672,95623200,AAPL
2022-04-27,155.91000366210938,159.7899932861328,155.3800048828125,156.57000732421875,154.8009796142578,88063200,AAPL
2022-04-28,159.25,164.52000427246094,158.92999267578125,163.63999938964844,161.7910919189453,130216800,AAPL
2022-04-29,161.83999633789062,166.1999969482422,157.25,157.64999389648438,155.86874389648438,131747600,AAPL
2022-05-02,156.7100067138672,158.22999572753906,153.27000427246094,157.9600067138672,156.17529296875,123055300,AAPL
2022-05-03,158.14999389648438,160.7100067138672,156.32000732421875,159.47999572753906,157.67808532714844,88966500,AAPL
2022-05-04,159.6699981689453,166.47999572753906,159.25999450683594,166.02000427246094,164.1442108154297,108256500,AAPL
2022-05-05,163.85000610351562,164.0800018310547,154.9499969482422,156.77000427246094,154.9987335205078,130525300,AAPL
2022-05-06,156.00999450683594,159.44000244140625,154.17999267578125,157.27999877929688,155.73141479492188,116124600,AAPL
2022-05-09,154.92999267578125,155.8300018310547,151.49000549316406,152.05999755859375,150.56283569335938,131577900,AAPL
2022-05-10,155.52000427246094,156.74000549316406,152.92999267578125,154.50999450683594,152.9886932373047,115366700,AAPL
2022-05-11,153.5,155.4499969482422,145.80999755859375,146.5,145.0575714111328,142689800,AAPL
2022-05-12,142.77000427246094,146.1999969482422,138.8000030517578,142.55999755859375,141.1563720703125,182602000,AAPL
2022-05-13,144.58999633789062,148.10000610351562,143.11000061035156,147.11000061035156,145.66156005859375,113990900,AAPL
2022-05-16,145.5500030517578,147.52000427246094,144.17999267578125,145.5399932861328,144.10702514648438,86643800,AAPL
2022-05-17,148.86000061035156,149.77000427246094,146.67999267578125,149.24000549316406,147.77061462402344,78336300,AAPL
2022-05-18,146.85000610351562,147.36000061035156,139.89999389648438,140.82000732421875,139.4335174560547,109742900,AAPL
2022-05-19,139.8800048828125,141.66000366210938,136.60000610351562,137.35000610351562,135.99766540527344,136095600,AAPL
2022-05-20,139.08999633789062,140.6999969482422,132.61000061035156,137.58999633789062,136.23529052734375,137426100,AAPL
2022-05-23,137.7899932861328,143.25999450683594,137.64999389648438,143.11000061035156,141.70095825195312,117726300,AAPL
2022-05-24,140.80999755859375,141.97000122070312,137.3300018310547,140.36000061035156,138.97801208496094,104132700,AAPL
2022-05-25,138.42999267578125,141.7899932861328,138.33999633789062,140.52000427246094,139.13645935058594,92482700,AAPL
2022-05-26,137.38999938964844,144.33999633789062,137.13999938964844,143.77999877929688,142.36434936523438,90601500,AAPL
2022-05-27,145.38999938964844,149.67999267578125,145.25999450683594,149.63999938964844,148.16665649414062,90978500,AAPL
2022-05-31,149.07000732421875,150.66000366210938,146.83999633789062,148.83999633789062,147.37452697753906,103718400,AAPL
2022-06-01,149.89999389648438,151.74000549316406,147.67999267578125,148.7100067138672,147.24581909179688,74286600,AAPL
2022-06-02,147.8300018310547,151.27000427246094,146.86000061035156,151.2100067138672,149.72120666503906,72348100,AAPL
2022-06-03,146.89999389648438,147.97000122070312,144.4600067138672,145.3800048828125,143.94859313964844,88570300,AAPL
2022-06-06,147.02999877929688,148.57000732421875,144.89999389648438,146.13999938964844,144.7010955810547,71598400,AAPL
2022-06-07,144.35000610351562,149.0,144.10000610351562,148.7100067138672,147.24581909179688,67808200,AAPL
2022-06-08,148.5800018310547,149.8699951171875,147.4600067138672,147.9600067138672,146.50318908691406,53950200,AAPL
2022-06-09,147.0800018310547,147.9499969482422,142.52999877929688,142.63999938964844,141.23558044433594,69473000,AAPL
2022-06-10,140.27999877929688,140.75999450683594,137.05999755859375,137.1300048828125,135.7798309326172,91437900,AAPL
2022-06-13,132.8699951171875,135.1999969482422,131.44000244140625,131.8800048828125,130.58152770996094,122207100,AAPL
2022-06-14,133.1300048828125,133.88999938964844,131.47999572753906,132.75999450683594,131.45285034179688,84784300,AAPL
2022-06-15,134.2899932861328,137.33999633789062,132.16000366210938,135.42999267578125,134.09654235839844,91533000,AAPL
2022-06-16,132.0800018310547,132.38999938964844,129.0399932861328,130.05999755859375,128.77943420410156,108123900,AAPL
2022-06-17,130.07000732421875,133.0800018310547,129.80999755859375,131.55999755859375,130.2646942138672,134520300,AAPL
2022-06-21,133.4199981689453,137.05999755859375,133.32000732421875,135.8699951171875,134.5322265625,81000500,AAPL
2022-06-22,134.7899932861328,137.75999450683594,133.91000366210938,135.35000610351562,134.01736450195312,73409200,AAPL
2022-06-23,136.82000732421875,138.58999633789062,135.6300048828125,138.27000427246094,136.90859985351562,72433800,AAPL
2022-06-24,139.89999389648438,141.91000366210938,139.77000427246094,141.66000366210938,140.26522827148438,89116800,AAPL
2022-06-27,142.6999969482422,143.49000549316406,140.97000122070312,141.66000366210938,140.26522827148438,70207900,AAPL
2022-06-28,142.1300048828125,143.4199981689453,137.32000732421875,137.44000244140625,136.0867919921875,67083400,AAPL
2022-06-29,137.4600067138672,140.6699981689453,136.6699981689453,139.22999572753906,137.859130859375,66242400,AAPL
2022-06-30,137.25,138.3699951171875,133.77000427246094,136.72000122070312,135.3738555908203,98964500,AAPL
2022-07-01,136.0399932861328,139.0399932861328,135.66000366210938,138.92999267578125,137.56207275390625,71051600,AAPL
2022-07-05,137.77000427246094,141.61000061035156,136.92999267578125,141.55999755859375,140.1662139892578,73353800,AAPL
2022-07-06,141.35000610351562,144.1199951171875,141.0800018310547,142.9199981689453,141.51283264160156,74064300,AAPL
2022-07-07,143.2899932861328,146.5500030517578,143.27999877929688,146.35000610351562,144.9090576171875,66253700,AAPL
2022-07-08,145.25999450683594,147.5500030517578,145.0,147.0399932861328,145.5922393798828,64547800,AAPL
2022-07-11,145.6699981689453,146.63999938964844,143.77999877929688,144.8699951171875,143.44361877441406,63141600,AAPL
2022-07-12,145.75999450683594,148.4499969482422,145.0500030517578,145.86000061035156,144.4238739013672,77588800,AAPL
2022-07-13,142.99000549316406,146.4499969482422,142.1199951171875,145.49000549316406,144.05751037597656,71185600,AAPL
2022-07-14,144.0800018310547,148.9499969482422,143.25,148.47000122070312,147.00816345214844,78140700,AAPL
2022-07-15,149.77999877929688,150.86000061035156,148.1999969482422,150.1699981689453,148.69143676757812,76259900,AAPL
2022-07-18,150.74000549316406,151.57000732421875,146.6999969482422,147.07000732421875,145.62196350097656,81420900,AAPL
2022-07-19,147.9199981689453,151.22999572753906,146.91000366210938,151.0,149.5132598876953,82982400,AAPL
2022-07-20,151.1199951171875,153.72000122070312,150.3699951171875,153.0399932861328,151.53318786621094,64823400,AAPL
2022-07-21,154.5,155.57000732421875,151.94000244140625,155.35000610351562,153.8204345703125,65086600,AAPL
2022-07-22,155.38999938964844,156.27999877929688,153.41000366210938,154.08999633789062,152.57284545898438,66675400,AAPL
2022-07-25,154.00999450683594,155.0399932861328,152.27999877929688,152.9499969482422,151.44407653808594,53623900,AAPL
2022-07-26,152.25999450683594,153.08999633789062,150.8000030517578,151.60000610351562,150.10736083984375,55138700,AAPL
2022-07-27,152.5800018310547,157.3300018310547,152.16000366210938,156.7899932861328,155.24624633789062,78620700,AAPL
2022-07-28,156.97999572753906,157.63999938964844,154.41000366210938,157.35000610351562,155.80075073242188,81378700,AAPL
2022-07-29,161.24000549316406,163.6300048828125,159.5,162.50999450683594,160.90992736816406,101786900,AAPL
2022-08-01,161.00999450683594,163.58999633789062,160.88999938964844,161.50999450683594,159.91978454589844,67829400,AAPL
2022-08-02,160.10000610351562,162.41000366210938,159.6300048828125,160.00999450683594,158.4345245361328,59907000,AAPL
2022-08-03,160.83999633789062,166.58999633789062,160.75,166.1300048828125,164.49429321289062,82507500,AAPL
2022-08-04,166.00999450683594,167.19000244140625,164.42999267578125,165.80999755859375,164.17745971679688,55474100,AAPL
2022-08-05,163.2100067138672,165.85000610351562,163.0,165.35000610351562,163.9493865966797,56697000,AAPL
2022-08-08,166.3699951171875,167.80999755859375,164.1999969482422,164.8699951171875,163.4734649658203,60276900,AAPL
2022-08-09,164.02000427246094,165.82000732421875,163.25,164.9199981689453,163.5230255126953,63135500,AAPL
2022-08-10,167.67999267578125,169.33999633789062,166.89999389648438,169.24000549316406,167.80645751953125,70170500,AAPL
2022-08-11,170.05999755859375,170.99000549316406,168.19000244140625,168.49000549316406,167.0627899169922,57149200,AAPL
2022-08-12,169.82000732421875,172.1699981689453,169.39999389648438,172.10000610351562,170.6422119140625,68039400,AAPL
2022-08-15,171.52000427246094,173.38999938964844,171.35000610351562,173.19000244140625,171.72299194335938,54091700,AAPL
2022-08-16,172.77999877929688,173.7100067138672,171.66000366210938,173.02999877929688,171.56434631347656,56377100,AAPL
2022-08-17,172.77000427246094,176.14999389648438,172.57000732421875,174.5500030517578,173.07147216796875,79542000,AAPL
2022-08-18,173.75,174.89999389648438,173.1199951171875,174.14999389648438,172.6748504638672,62290100,AAPL
2022-08-19,173.02999877929688,173.74000549316406,171.30999755859375,171.52000427246094,170.06712341308594,70346300,AAPL
2022-08-22,169.69000244140625,169.86000061035156,167.13999938964844,167.57000732421875,166.1505889892578,69026800,AAPL
2022-08-23,167.0800018310547,168.7100067138672,166.64999389648438,167.22999572753906,165.81346130371094,54147100,AAPL
2022-08-24,167.32000732421875,168.11000061035156,166.25,167.52999877929688,166.1109161376953,53841500,AAPL
2022-08-25,168.77999877929688,170.13999938964844,168.35000610351562,170.02999877929688,168.58975219726562,51218200,AAPL
2022-08-26,170.57000732421875,171.0500030517578,163.55999755859375,163.6199951171875,162.23403930664062,78961000,AAPL
2022-08-29,161.14999389648438,162.89999389648438,159.82000732421875,161.3800048828125,160.0130157470703,73314000,AAPL
2022-08-30,162.1300048828125,162.55999755859375,157.72000122070312,158.91000366210938,157.56393432617188,77906200,AAPL
2022-08-31,160.30999755859375,160.5800018310547,157.13999938964844,157.22000122070312,155.88824462890625,87991100,AAPL
2022-09-01,156.63999938964844,158.4199981689453,154.6699981689453,157.9600067138672,156.6219940185547,74229900,AAPL
2022-09-02,159.75,160.36000061035156,154.97000122070312,155.80999755859375,154.49020385742188,76957800,AAPL
2022-09-06,156.47000122070312,157.08999633789062,153.69000244140625,154.52999877929688,153.22105407714844,73714800,AAPL
2022-09-07,154.82000732421875,156.6699981689453,153.61000061035156,155.9600067138672,154.63893127441406,87449600,AAPL
2022-09-08,154.63999938964844,156.36000061035156,152.67999267578125,154.4600067138672,153.15164184570312,84923800,AAPL
2022-09-09,155.47000122070312,157.82000732421875,154.75,157.3699951171875,156.03697204589844,68028800,AAPL
2022-09-12,159.58999633789062,164.25999450683594,159.3000030517578,163.42999267578125,162.04563903808594,104956000,AAPL
2022-09-13,159.89999389648438,160.5399932861328,153.3699951171875,153.83999633789062,152.53688049316406,122656600,AAPL
2022-09-14,154.7899932861328,157.10000610351562,153.61000061035156,155.30999755859375,153.9944305419922,87965400,AAPL
2022-09-15,154.64999389648438,155.24000549316406,151.3800048828125,152.3699951171875,151.079345703125,90481100,AAPL
2022-09-16,151.2100067138672,151.35000610351562,148.3699951171875,150.6999969482422,149.42347717285156,162278800,AAPL
2022-09-19,149.30999755859375,154.55999755859375,149.10000610351562,154.47999572753906,153.1714630126953,81474200,AAPL
2022-09-20,153.39999389648438,158.0800018310547,153.0800018310547,156.89999389648438,155.57095336914062,107689800,AAPL
2022-09-21,157.33999633789062,158.74000549316406,153.60000610351562,153.72000122070312,152.41790771484375,101696800,AAPL
2022-09-22,152.3800048828125,154.47000122070312,150.91000366210938,152.74000549316406,151.4462127685547,86652500,AAPL
2022-09-23,151.19000244140625,151.47000122070312,148.55999755859375,150.42999267578125,149.15577697753906,96029900,AAPL
2022-09-26,149.66000366210938,153.77000427246094,149.63999938964844,150.77000427246094,149.49290466308594,93339400,AAPL
2022-09-27,152.74000549316406,154.72000122070312,149.9499969482422,151.75999450683594,150.47450256347656,84442700,AAPL
2022-09-28,147.63999938964844,150.63999938964844,144.83999633789062,149.83999633789062,148.57077026367188,146691400,AAPL
2022-09-29,146.10000610351562,146.72000122070312,140.67999267578125,142.47999572753906,141.27310180664062,128138200,AAPL
2022-09-30,141.27999877929688,143.10000610351562,138.0,138.1999969482422,137.02935791015625,124925300,AAPL
2022-10-03,138.2100067138672,143.07000732421875,137.69000244140625,142.4499969482422,141.2433624267578,114311700,AAPL
2022-10-04,145.02999877929688,146.22000122070312,144.25999450683594,146.10000610351562,144.86245727539062,87830100,AAPL
2022-10-05,144.07000732421875,147.3800048828125,143.00999450683594,146.39999389648438,145.15989685058594,79471000,AAPL
2022-10-06,145.80999755859375,147.5399932861328,145.22000122070312,145.42999267578125,144.19810485839844,68402200,AAPL
2022-10-07,142.5399932861328,143.10000610351562,139.4499969482422,140.08999633789062,138.9033660888672,85925600,AAPL
2022-10-10,140.4199981689453,141.88999938964844,138.57000732421875,140.4199981689453,139.23057556152344,74899000,AAPL
2022-10-11,139.89999389648438,141.35000610351562,138.22000122070312,138.97999572753906,137.80274963378906,77033700,AAPL
2022-10-12,139.1300048828125,140.36000061035156,138.16000366210938,138.33999633789062,137.16818237304688,70433700,AAPL
2022-10-13,134.99000549316406,143.58999633789062,134.3699951171875,142.99000549316406,141.77879333496094,113224000,AAPL
2022-10-14,144.30999755859375,144.52000427246094,138.19000244140625,138.3800048828125,137.20782470703125,88598000,AAPL
2022-10-17,141.07000732421875,142.89999389648438,140.27000427246094,142.41000366210938,141.20372009277344,85250900,AAPL
2022-10-18,145.49000549316406,146.6999969482422,140.61000061035156,143.75,142.53236389160156,99136600,AAPL
2022-10-19,141.69000244140625,144.9499969482422,141.5,143.86000061035156,142.6414337158203,61758300,AAPL
2022-10-20,143.02000427246094,145.88999938964844,142.64999389648438,143.38999938964844,142.17539978027344,64522000,AAPL
2022-10-21,142.8699951171875,147.85000610351562,142.64999389648438,147.27000427246094,146.0225372314453,86548600,AAPL
2022-10-24,147.19000244140625,150.22999572753906,146.0,149.4499969482422,148.18405151367188,75981900,AAPL
2022-10-25,150.08999633789062,152.49000549316406,149.36000061035156,152.33999633789062,151.04959106445312,74732300,AAPL
2022-10-26,150.9600067138672,151.99000549316406,148.0399932861328,149.35000610351562,148.0849151611328,88194300,AAPL
2022-10-27,148.07000732421875,149.0500030517578,144.1300048828125,144.8000030517578,143.57345581054688,109180200,AAPL
2022-10-28,148.1999969482422,157.5,147.82000732421875,155.74000549316406,154.42079162597656,164762400,AAPL
2022-10-31,153.16000366210938,154.24000549316406,151.9199981689453,153.33999633789062,152.04112243652344,97943200,AAPL
2022-11-01,155.0800018310547,155.4499969482422,149.1300048828125,150.64999389648438,149.37391662597656,80379300,AAPL
2022-11-02,148.9499969482422,152.1699981689453,145.0,145.02999877929688,143.80152893066406,93604600,AAPL
2022-11-03,142.05999755859375,142.8000030517578,138.75,138.8800048828125,137.70359802246094,97918500,AAPL
2022-11-04,142.08999633789062,142.6699981689453,134.3800048828125,138.3800048828125,137.43544006347656,140814800,AAPL
2022-11-07,137.11000061035156,139.14999389648438,135.6699981689453,138.9199981689453,137.9717559814453,83374600,AAPL
2022-11-08,140.41000366210938,141.42999267578125,137.49000549316406,139.5,138.54782104492188,89908500,AAPL
2022-11-09,138.5,138.5500030517578,134.58999633789062,134.8699951171875,133.94940185546875,74917800,AAPL
2022-11-10,141.24000549316406,146.8699951171875,139.5,146.8699951171875,145.8674774169922,118854000,AAPL
2022-11-11,145.82000732421875,150.00999450683594,144.3699951171875,149.6999969482422,148.67816162109375,93979700,AAPL
2022-11-14,148.97000122070312,150.27999877929688,147.42999267578125,148.27999877929688,147.2678680419922,73374100,AAPL
2022-11-15,152.22000122070312,153.58999633789062,148.55999755859375,150.0399932861328,149.01585388183594,89868300,AAPL
2022-11-16,149.1300048828125,149.8699951171875,147.2899932861328,148.7899932861328,147.7743682861328,64218300,AAPL
2022-11-17,146.42999267578125,151.47999572753906,146.14999389648438,150.72000122070312,149.69122314453125,80389400,AAPL
2022-11-18,152.30999755859375,152.6999969482422,149.97000122070312,151.2899932861328,150.25732421875,74829600,AAPL
2022-11-21,150.16000366210938,150.3699951171875,147.72000122070312,148.00999450683594,146.9997100830078,58724100,AAPL
2022-11-22,148.1300048828125,150.4199981689453,146.92999267578125,150.17999267578125,149.15489196777344,51804100,AAPL
2022-11-23,149.4499969482422,151.8300018310547,149.33999633789062,151.07000732421875,150.03884887695312,58301400,AAPL
2022-11-25,148.30999755859375,148.8800048828125,147.1199951171875,148.11000061035156,147.0990447998047,35195900,AAPL
2022-11-28,145.13999938964844,146.63999938964844,143.3800048828125,144.22000122070312,143.23558044433594,69246000,AAPL
2022-11-29,144.2899932861328,144.80999755859375,140.35000610351562,141.1699981689453,140.20640563964844,83763800,AAPL
2022-11-30,141.39999389648438,148.72000122070312,140.5500030517578,148.02999877929688,147.0195770263672,111380900,AAPL
2022-12-01,148.2100067138672,149.1300048828125,146.61000061035156,148.30999755859375,147.29766845703125,71250400,AAPL
2022-12-02,145.9600067138672,148.0,145.64999389648438,147.80999755859375,146.8010711669922,65447400,AAPL
2022-12-05,147.77000427246094,150.9199981689453,145.77000427246094,146.6300048828125,145.62913513183594,68826400,AAPL
2022-12-06,147.07000732421875,147.3000030517578,141.9199981689453,142.91000366210938,141.9345245361328,64727200,AAPL
2022-12-07,142.19000244140625,143.3699951171875,140.0,140.94000244140625,139.9779815673828,69721100,AAPL
2022-12-08,142.36000061035156,143.52000427246094,141.10000610351562,142.64999389648438,141.67630004882812,62128300,AAPL
2022-12-09,142.33999633789062,145.57000732421875,140.89999389648438,142.16000366210938,141.1896514892578,76097000,AAPL
2022-12-12,142.6999969482422,144.5,141.05999755859375,144.49000549316406,143.50375366210938,70462700,AAPL
2022-12-13,149.5,149.97000122070312,144.24000549316406,145.47000122070312,144.47706604003906,93886200,AAPL
2022-12-14,145.35000610351562,146.66000366210938,141.16000366210938,143.2100067138672,142.23248291015625,82291200,AAPL
2022-12-15,141.11000061035156,141.8000030517578,136.02999877929688,136.5,135.56826782226562,98931900,AAPL
2022-12-16,136.69000244140625,137.64999389648438,133.72999572753906,134.50999450683594,133.59185791015625,160156900,AAPL
2022-12-19,135.11000061035156,135.1999969482422,131.32000732421875,132.3699951171875,131.46646118164062,79592600,AAPL
2022-12-20,131.38999938964844,133.25,129.88999938964844,132.3000030517578,131.39695739746094,77432800,AAPL
2022-12-21,132.97999572753906,136.80999755859375,132.75,135.4499969482422,134.52545166015625,85928000,AAPL
2022-12-22,134.35000610351562,134.55999755859375,130.3000030517578,132.22999572753906,131.32742309570312,77852100,AAPL
2022-12-23,130.9199981689453,132.4199981689453,129.63999938964844,131.86000061035156,130.9599609375,63814900,AAPL
2022-12-27,131.3800048828125,131.41000366210938,128.72000122070312,130.02999877929688,129.1424560546875,69007800,AAPL
2022-12-28,129.6699981689453,131.02999877929688,125.87000274658203,126.04000091552734,125.1796875,85438400,AAPL
2022-12-29,127.98999786376953,130.47999572753906,127.7300033569336,129.61000061035156,128.72531127929688,75703700,AAPL
2022-12-30,128.41000366210938,129.9499969482422,127.43000030517578,129.92999267578125,129.0431365966797,77034200,AAPL
2023-01-03,130.27999877929688,130.89999389648438,124.16999816894531,125.06999969482422,124.21630096435547,112117500,AAPL
2023-01-04,126.88999938964844,128.66000366210938,125.08000183105469,126.36000061035156,125.49749755859375,89113600,AAPL
2023-01-05,127.12999725341797,127.7699966430664,124.76000213623047,125.0199966430664,124.16664123535156,80962700,AAPL
2023-01-06,126.01000213623047,130.2899932861328,124.88999938964844,129.6199951171875,128.73526000976562,87754700,AAPL
2023-01-09,130.47000122070312,133.41000366210938,129.88999938964844,130.14999389648438,129.2616424560547,70790800,AAPL
2023-01-10,130.25999450683594,131.25999450683594,128.1199951171875,130.72999572753906,129.83766174316406,63896200,AAPL
2023-01-11,131.25,133.50999450683594,130.4600067138672,133.49000549316406,132.57884216308594,69458900,AAPL
2023-01-12,133.8800048828125,134.25999450683594,131.44000244140625,133.41000366210938,132.4993896484375,71379600,AAPL
2023-01-13,132.02999877929688,134.9199981689453,131.66000366210938,134.75999450683594,133.84014892578125,57809700,AAPL
2023-01-17,134.8300018310547,137.2899932861328,134.1300048828125,135.94000244140625,135.01211547851562,63646600,AAPL
2023-01-18,136.82000732421875,138.61000061035156,135.02999877929688,135.2100067138672,134.287109375,69672800,AAPL
2023-01-19,134.0800018310547,136.25,133.77000427246094,135.27000427246094,134.34669494628906,58280400,AAPL
2023-01-20,135.27999877929688,138.02000427246094,134.22000122070312,137.8699951171875,136.92892456054688,80223600,AAPL
2023-01-23,138.1199951171875,143.32000732421875,137.89999389648438,141.11000061035156,140.14683532714844,81760300,AAPL
2023-01-24,140.30999755859375,143.16000366210938,140.3000030517578,142.52999877929688,141.55712890625,66435100,AAPL
2023-01-25,140.88999938964844,142.42999267578125,138.80999755859375,141.86000061035156,140.89169311523438,65799300,AAPL
2023-01-26,143.1699981689453,144.25,141.89999389648438,143.9600067138672,142.97738647460938,54105100,AAPL
2023-01-27,143.16000366210938,147.22999572753906,143.0800018310547,145.92999267578125,144.9339141845703,70555800,AAPL
2023-01-30,144.9600067138672,145.5500030517578,142.85000610351562,143.0,142.02391052246094,64015300,AAPL
2023-01-31,142.6999969482422,144.33999633789062,142.27999877929688,144.2899932861328,143.3050994873047,65874500,AAPL
2023-02-01,143.97000122070312,146.61000061035156,141.32000732421875,145.42999267578125,144.43731689453125,77663600,AAPL
2023-02-02,148.89999389648438,151.17999267578125,148.1699981689453,150.82000732421875,149.79055786132812,118339000,AAPL
2023-02-03,148.02999877929688,157.3800048828125,147.8300018310547,154.5,153.44541931152344,154357300,AAPL
2023-02-06,152.57000732421875,153.10000610351562,150.77999877929688,151.72999572753906,150.69432067871094,69858300,AAPL
2023-02-07,150.63999938964844,155.22999572753906,150.63999938964844,154.64999389648438,153.59437561035156,83322600,AAPL
2023-02-08,153.8800048828125,154.5800018310547,151.1699981689453,151.9199981689453,150.88302612304688,64120100,AAPL
2023-02-09,153.77999877929688,154.3300018310547,150.4199981689453,150.8699951171875,149.84019470214844,56007100,AAPL
2023-02-10,149.4600067138672,151.33999633789062,149.22000122070312,151.00999450683594,150.20823669433594,57450700,AAPL
2023-02-13,150.9499969482422,154.25999450683594,150.9199981689453,153.85000610351562,153.03317260742188,62199000,AAPL
2023-02-14,152.1199951171875,153.77000427246094,150.86000061035156,153.1999969482422,152.38661193847656,61707600,AAPL
2023-02-15,153.11000061035156,155.5,152.8800048828125,155.3300018310547,154.5052947998047,65573800,AAPL
2023-02-16,153.50999450683594,156.3300018310547,153.35000610351562,153.7100067138672,152.89390563964844,68167900,AAPL
2023-02-17,152.35000610351562,153.0,150.85000610351562,152.5500030517578,151.74005126953125,59144100,AAPL
2023-02-21,150.1999969482422,151.3000030517578,148.41000366210938,148.47999572753906,147.69166564941406,58867200,AAPL
2023-02-22,148.8699951171875,149.9499969482422,147.16000366210938,148.91000366210938,148.119384765625,51011300,AAPL
2023-02-23,150.08999633789062,150.33999633789062,147.24000549316406,149.39999389648438,148.60678100585938,48394200,AAPL
2023-02-24,147.11000061035156,147.19000244140625,145.72000122070312,146.7100067138672,145.9310760498047,55469600,AAPL
2023-02-27,147.7100067138672,149.1699981689453,147.4499969482422,147.9199981689453,147.1346435546875,44998500,AAPL
2023-02-28,147.0500030517578,149.0800018310547,146.8300018310547,147.41000366210938,146.62734985351562,50547000,AAPL
2023-03-01,146.8300018310547,147.22999572753906,145.00999450683594,145.30999755859375,144.5384979248047,55479000,AAPL
2023-03-02,144.3800048828125,146.7100067138672,143.89999389648438,145.91000366210938,145.1353302001953,52238100,AAPL
2023-03-03,148.0399932861328,151.11000061035156,147.3300018310547,151.02999877929688,150.22813415527344,70732300,AAPL
2023-03-06,153.7899932861328,156.3000030517578,153.4600067138672,153.8300018310547,153.01327514648438,87558000,AAPL
2023-03-07,153.6999969482422,154.02999877929688,151.1300048828125,151.60000610351562,150.79510498046875,56182000,AAPL
2023-03-08,152.80999755859375,153.47000122070312,151.8300018310547,152.8699951171875,152.058349609375,47204800,AAPL
2023-03-09,153.55999755859375,154.5399932861328,150.22999572753906,150.58999633789062,149.79046630859375,53833600,AAPL
2023-03-10,150.2100067138672,150.94000244140625,147.61000061035156,148.5,147.71156311035156,68572400,AAPL
2023-03-13,147.80999755859375,153.13999938964844,147.6999969482422,150.47000122070312,149.6710968017578,84457100,AAPL
2023-03-14,151.27999877929688,153.39999389648438,150.10000610351562,152.58999633789062,151.77984619140625,73695900,AAPL
2023-03-15,151.19000244140625,153.25,149.9199981689453,152.99000549316406,152.177734375,77167900,AAPL
2023-03-16,152.16000366210938,156.4600067138672,151.63999938964844,155.85000610351562,155.0225372314453,76161100,AAPL
2023-03-17,156.0800018310547,156.74000549316406,154.27999877929688,155.0,154.1770477294922,98944600,AAPL
2023-03-20,155.07000732421875,157.82000732421875,154.14999389648438,157.39999389648438,156.5642852783203,73641400,AAPL
2023-03-21,157.32000732421875,159.39999389648438,156.5399932861328,159.27999877929688,158.434326171875,73938300,AAPL
2023-03-22,159.3000030517578,162.13999938964844,157.80999755859375,157.8300018310547,156.9920196533203,75701800,AAPL
2023-03-23,158.8300018310547,161.5500030517578,157.67999267578125,158.92999267578125,158.08616638183594,67622100,AAPL
2023-03-24,158.86000061035156,160.33999633789062,157.85000610351562,160.25,159.399169921875,59196500,AAPL
2023-03-27,159.94000244140625,160.77000427246094,157.8699951171875,158.27999877929688,157.43963623046875,52390300,AAPL
2023-03-28,157.97000122070312,158.49000549316406,155.97999572753906,157.64999389648438,156.81297302246094,45992200,AAPL
2023-03-29,159.3699951171875,161.0500030517578,159.35000610351562,160.77000427246094,159.9164276123047,51305700,AAPL
2023-03-30,161.52999877929688,162.47000122070312,161.27000427246094,162.36000061035156,161.49798583984375,49501700,AAPL
2023-03-31,162.44000244140625,165.0,161.91000366210938,164.89999389648438,164.02447509765625,68749800,AAPL
2023-04-03,164.27000427246094,166.2899932861328,164.22000122070312,166.1699981689453,165.28775024414062,56976200,AAPL
2023-04-04,166.60000610351562,166.83999633789062,165.11000061035156,165.6300048828125,164.7506103515625,46278300,AAPL
2023-04-05,164.74000549316406,165.0500030517578,161.8000030517578,163.75999450683594,162.89053344726562,51511700,AAPL
2023-04-06,162.42999267578125,164.9600067138672,162.0,164.66000366210938,163.7857666015625,45390100,AAPL
2023-04-10,161.4199981689453,162.02999877929688,160.0800018310547,162.02999877929688,161.1697235107422,47716900,AAPL
2023-04-11,162.35000610351562,162.36000061035156,160.50999450683594,160.8000030517578,159.94625854492188,47644200,AAPL
2023-04-12,161.22000122070312,162.05999755859375,159.77999877929688,160.10000610351562,159.25,50133100,AAPL
2023-04-13,161.6300048828125,165.8000030517578,161.4199981689453,165.55999755859375,164.68099975585938,68445600,AAPL
2023-04-14,164.58999633789062,166.32000732421875,163.82000732421875,165.2100067138672,164.33285522460938,49386500,AAPL
2023-04-17,165.08999633789062,165.38999938964844,164.02999877929688,165.22999572753906,164.3527374267578,41516200,AAPL
2023-04-18,166.10000610351562,167.41000366210938,165.64999389648438,166.47000122070312,165.58616638183594,49923000,AAPL
2023-04-19,165.8000030517578,168.16000366210938,165.5399932861328,167.6300048828125,166.74000549316406,47720200,AAPL
2023-04-20,166.08999633789062,167.8699951171875,165.55999755859375,166.64999389648438,165.7651824951172,52456400,AAPL
2023-04-21,165.0500030517578,166.4499969482422,164.49000549316406,165.02000427246094,164.14385986328125,58337300,AAPL
2023-04-24,165.0,165.60000610351562,163.88999938964844,165.3300018310547,164.4521942138672,41949600,AAPL
2023-04-25,165.19000244140625,166.30999755859375,163.72999572753906,163.77000427246094,162.90049743652344,48714100,AAPL
2023-04-26,163.05999755859375,165.27999877929688,162.8000030517578,163.75999450683594,162.89053344726562,45498800,AAPL
2023-04-27,165.19000244140625,168.55999755859375,165.19000244140625,168.41000366210938,167.51583862304688,64902300,AAPL
2023-04-28,168.49000549316406,169.85000610351562,167.8800048828125,169.67999267578125,168.7790985107422,55209200,AAPL
2023-05-01,169.27999877929688,170.4499969482422,168.63999938964844,169.58999633789062,168.6895751953125,52472900,AAPL
2023-05-02,170.08999633789062,170.35000610351562,167.5399932861328,168.5399932861328,167.64517211914062,48425700,AAPL
2023-05-03,169.5,170.9199981689453,167.16000366210938,167.4499969482422,166.5609588623047,65136000,AAPL
2023-05-04,164.88999938964844,167.0399932861328,164.30999755859375,165.7899932861328,164.90975952148438,81235400,AAPL
2023-05-05,170.97999572753906,174.3000030517578,170.75999450683594,173.57000732421875,172.6484832763672,113316400,AAPL
2023-05-08,172.47999572753906,173.85000610351562,172.11000061035156,173.5,172.57882690429688,55962800,AAPL
2023-05-09,173.0500030517578,173.5399932861328,171.60000610351562,171.77000427246094,170.85801696777344,45326900,AAPL
2023-05-10,173.02000427246094,174.02999877929688,171.89999389648438,173.55999755859375,172.6385040283203,53724500,AAPL
2023-05-11,173.85000610351562,174.58999633789062,172.1699981689453,173.75,172.82748413085938,49514700,AAPL
2023-05-12,173.6199951171875,174.05999755859375,171.0,172.57000732421875,171.89120483398438,45497800,AAPL
2023-05-15,173.16000366210938,173.2100067138672,171.47000122070312,172.07000732421875,171.39317321777344,37266700,AAPL
2023-05-16,171.99000549316406,173.13999938964844,171.8000030517578,172.07000732421875,171.39317321777344,42110300,AAPL
2023-05-17,171.7100067138672,172.92999267578125,170.4199981689453,172.69000244140625,172.01072692871094,57951600,AAPL
2023-05-18,173.0,175.24000549316406,172.5800018310547,175.0500030517578,174.36143493652344,65496700,AAPL
2023-05-19,176.38999938964844,176.38999938964844,174.94000244140625,175.16000366210938,174.4710235595703,55772400,AAPL
2023-05-22,173.97999572753906,174.7100067138672,173.4499969482422,174.1999969482422,173.5147705078125,43570900,AAPL
2023-05-23,173.1300048828125,173.3800048828125,171.27999877929688,171.55999755859375,170.88516235351562,50747300,AAPL
2023-05-24,171.08999633789062,172.4199981689453,170.52000427246094,171.83999633789062,171.1640625,45143500,AAPL
2023-05-25,172.41000366210938,173.89999389648438,171.69000244140625,172.99000549316406,172.30955505371094,56058300,AAPL
2023-05-26,173.32000732421875,175.77000427246094,173.11000061035156,175.42999267578125,174.7399444580078,54835000,AAPL
2023-05-30,176.9600067138672,178.99000549316406,176.57000732421875,177.3000030517578,176.60260009765625,55964400,AAPL
2023-05-31,177.3300018310547,179.35000610351562,176.75999450683594,177.25,176.5527801513672,99625300,AAPL
2023-06-01,177.6999969482422,180.1199951171875,176.92999267578125,180.08999633789062,179.38160705566406,68901800,AAPL
2023-06-02,181.02999877929688,181.77999877929688,179.25999450683594,180.9499969482422,180.23822021484375,61945900,AAPL
2023-06-05,182.6300048828125,184.9499969482422,178.0399932861328,179.5800018310547,178.87362670898438,121946500,AAPL
2023-06-06,179.97000122070312,180.1199951171875,177.42999267578125,179.2100067138672,178.5050811767578,64848400,AAPL
2023-06-07,178.44000244140625,181.2100067138672,177.32000732421875,177.82000732421875,177.1205596923828,61944600,AAPL
2023-06-08,177.89999389648438,180.83999633789062,177.4600067138672,180.57000732421875,179.8597412109375,50214900,AAPL
2023-06-09,181.5,182.22999572753906,180.6300048828125,180.9600067138672,180.24818420410156,48870700,AAPL
2023-06-12,181.27000427246094,183.88999938964844,180.97000122070312,183.7899932861328,183.0670623779297,54274900,AAPL
2023-06-13,182.8000030517578,184.14999389648438,182.44000244140625,183.30999755859375,182.5889434814453,54929100,AAPL
2023-06-14,183.3699951171875,184.38999938964844,182.02000427246094,183.9499969482422,183.2264404296875,57462900,AAPL
2023-06-15,183.9600067138672,186.52000427246094,183.77999877929688,186.00999450683594,185.2783203125,65433200,AAPL
2023-06-16,186.72999572753906,186.99000549316406,184.27000427246094,184.9199981689453,184.19261169433594,101235600,AAPL
2023-06-20,184.41000366210938,186.10000610351562,184.41000366210938,185.00999450683594,184.28225708007812,49799100,AAPL
2023-06-21,184.89999389648438,185.41000366210938,182.58999633789062,183.9600067138672,183.2364044189453,49515700,AAPL
2023-06-22,183.74000549316406,187.0500030517578,183.6699981689453,187.0,186.26443481445312,51245300,AAPL
2023-06-23,185.5500030517578,187.55999755859375,185.00999450683594,186.67999267578125,185.94569396972656,53079300,AAPL
2023-06-26,186.8300018310547,188.0500030517578,185.22999572753906,185.27000427246094,184.54122924804688,48088700,AAPL
2023-06-27,185.88999938964844,188.38999938964844,185.6699981689453,188.05999755859375,187.32025146484375,50730800,AAPL
2023-06-28,187.92999267578125,189.89999389648438,187.60000610351562,189.25,188.50558471679688,51216800,AAPL
2023-06-29,189.0800018310547,190.07000732421875,188.94000244140625,189.58999633789062,188.84425354003906,46347300,AAPL
2023-06-30,191.6300048828125,194.47999572753906,191.25999450683594,193.97000122070312,193.20703125,85069600,AAPL
2023-07-03,193.77999877929688,193.8800048828125,191.75999450683594,192.4600067138672,191.70297241210938,31458200,AAPL
2023-07-05,191.57000732421875,192.97999572753906,190.6199951171875,191.3300018310547,190.577392578125,46920300,AAPL
2023-07-06,189.83999633789062,192.02000427246094,189.1999969482422,191.80999755859375,191.05551147460938,45094300,AAPL
2023-07-07,191.41000366210938,192.6699981689453,190.24000549316406,190.67999267578125,189.92994689941406,46778000,AAPL
2023-07-10,189.25999450683594,189.99000549316406,187.0399932861328,188.61000061035156,187.86810302734375,59922200,AAPL
2023-07-11,189.16000366210938,189.3000030517578,186.60000610351562,188.0800018310547,187.34019470214844,46638100,AAPL
2023-07-12,189.67999267578125,191.6999969482422,188.47000122070312,189.77000427246094,189.02354431152344,60750200,AAPL
2023-07-13,190.5,191.19000244140625,189.77999877929688,190.5399932861328,189.79049682617188,41342300,AAPL
2023-07-14,190.22999572753906,191.17999267578125,189.6300048828125,190.69000244140625,189.93992614746094,41573900,AAPL
2023-07-17,191.89999389648438,194.32000732421875,191.80999755859375,193.99000549316406,193.22694396972656,50520200,AAPL
2023-07-18,193.35000610351562,194.3300018310547,192.4199981689453,193.72999572753906,192.9679718017578,48353800,AAPL
2023-07-19,193.10000610351562,198.22999572753906,192.64999389648438,195.10000610351562,194.33258056640625,80507300,AAPL
2023-07-20,195.08999633789062,196.47000122070312,192.5,193.1300048828125,192.37033081054688,59581200,AAPL
2023-07-21,194.10000610351562,194.97000122070312,191.22999572753906,191.94000244140625,191.18499755859375,71917800,AAPL
2023-07-24,193.41000366210938,194.91000366210938,192.25,192.75,191.9918212890625,45377800,AAPL
2023-07-25,193.3300018310547,194.44000244140625,192.9199981689453,193.6199951171875,192.85838317871094,37283200,AAPL
2023-07-26,193.6699981689453,195.63999938964844,193.32000732421875,194.5,193.73492431640625,47471900,AAPL
2023-07-27,196.02000427246094,197.1999969482422,192.5500030517578,193.22000122070312,192.45997619628906,47460200,AAPL
2023-07-28,194.6699981689453,196.6300048828125,194.13999938964844,195.8300018310547,195.05970764160156,48291400,AAPL
2023-07-31,196.05999755859375,196.49000549316406,195.25999450683594,196.4499969482422,195.67726135253906,38824100,AAPL
2023-08-01,196.24000549316406,196.72999572753906,195.27999877929688,195.61000061035156,194.840576171875,35175100,AAPL
2023-08-02,195.0399932861328,195.17999267578125,191.85000610351562,192.5800018310547,191.82249450683594,50389300,AAPL
2023-08-03,191.57000732421875,192.3699951171875,190.69000244140625,191.1699981689453,190.41802978515625,61235200,AAPL
2023-08-04,185.52000427246094,187.3800048828125,181.9199981689453,181.99000549316406,181.27415466308594,115799700,AAPL
2023-08-07,182.1300048828125,183.1300048828125,177.35000610351562,178.85000610351562,178.14649963378906,97576100,AAPL
2023-08-08,179.69000244140625,180.27000427246094,177.5800018310547,179.8000030517578,179.09275817871094,67823000,AAPL
2023-08-09,180.8699951171875,180.92999267578125,177.00999450683594,178.19000244140625,177.48910522460938,60378500,AAPL
2023-08-10,179.47999572753906,180.75,177.60000610351562,177.97000122070312,177.26995849609375,54686900,AAPL
2023-08-11,177.32000732421875,178.6199951171875,176.5500030517578,177.7899932861328,177.3297882080078,51988100,AAPL
2023-08-14,177.97000122070312,179.69000244140625,177.30999755859375,179.4600067138672,178.99549865722656,43675600,AAPL
2023-08-15,178.8800048828125,179.47999572753906,177.0500030517578,177.4499969482422,176.9906768798828,43622600,AAPL
2023-08-16,177.1300048828125,178.5399932861328,176.5,176.57000732421875,176.1129608154297,46964900,AAPL
2023-08-17,177.13999938964844,177.50999450683594,173.47999572753906,174.0,173.54962158203125,66062900,AAPL
2023-08-18,172.3000030517578,175.10000610351562,171.9600067138672,174.49000549316406,174.03836059570312,61114200,AAPL
2023-08-21,175.07000732421875,176.1300048828125,173.74000549316406,175.83999633789062,175.3848419189453,46311900,AAPL
2023-08-22,177.05999755859375,177.67999267578125,176.25,177.22999572753906,176.77125549316406,42084200,AAPL
2023-08-23,178.52000427246094,181.5500030517578,178.3300018310547,181.1199951171875,180.65118408203125,52722800,AAPL
2023-08-24,180.6699981689453,181.10000610351562,176.00999450683594,176.3800048828125,175.9234619140625,54945800,AAPL
2023-08-25,177.3800048828125,179.14999389648438,175.82000732421875,178.61000061035156,178.14768981933594,51449600,AAPL
2023-08-28,180.08999633789062,180.58999633789062,178.5500030517578,180.19000244140625,179.72360229492188,43820700,AAPL
2023-08-29,179.6999969482422,184.89999389648438,179.5,184.1199951171875,183.64340209960938,53003900,AAPL
2023-08-30,184.94000244140625,187.85000610351562,184.74000549316406,187.64999389648438,187.16427612304688,60813900,AAPL
2023-08-31,187.83999633789062,189.1199951171875,187.47999572753906,187.8699951171875,187.38369750976562,60794500,AAPL
2023-09-01,189.49000549316406,189.9199981689453,188.27999877929688,189.4600067138672,188.96958923339844,45732600,AAPL
2023-09-05,188.27999877929688,189.97999572753906,187.61000061035156,189.6999969482422,189.20896911621094,45280000,AAPL
2023-09-06,188.39999389648438,188.85000610351562,181.47000122070312,182.91000366210938,182.43653869628906,81755800,AAPL
2023-09-07,175.17999267578125,178.2100067138672,173.5399932861328,177.55999755859375,177.1003875732422,112488800,AAPL
2023-09-08,178.35000610351562,180.24000549316406,177.7899932861328,178.17999267578125,177.71878051757812,65551300,AAPL
2023-09-11,180.07000732421875,180.3000030517578,177.33999633789062,179.36000061035156,178.89573669433594,58953100,AAPL
2023-09-12,179.49000549316406,180.1300048828125,174.82000732421875,176.3000030517578,175.8436737060547,90370200,AAPL
2023-09-13,176.50999450683594,177.3000030517578,173.97999572753906,174.2100067138672,173.7590789794922,84267900,AAPL
2023-09-14,174.0,176.10000610351562,173.5800018310547,175.74000549316406,175.2851104736328,60895800,AAPL
2023-09-15,176.47999572753906,176.5,173.82000732421875,175.00999450683594,174.55699157714844,109205100,AAPL
2023-09-18,176.47999572753906,179.3800048828125,176.1699981689453,177.97000122070312,177.50933837890625,67257600,AAPL
2023-09-19,177.52000427246094,179.6300048828125,177.1300048828125,179.07000732421875,178.6064910888672,51826900,AAPL
2023-09-20,179.25999450683594,179.6999969482422,175.39999389648438,175.49000549316406,175.03575134277344,58436200,AAPL
2023-09-21,174.5500030517578,176.3000030517578,173.86000061035156,173.92999267578125,173.4797821044922,63047900,AAPL
2023-09-22,174.6699981689453,177.0800018310547,174.0500030517578,174.7899932861328,174.3375701904297,56725400,AAPL
2023-09-25,174.1999969482422,176.97000122070312,174.14999389648438,176.0800018310547,175.62423706054688,46172700,AAPL
2023-09-26,174.82000732421875,175.1999969482422,171.66000366210938,171.9600067138672,171.514892578125,64588900,AAPL
2023-09-27,172.6199951171875,173.0399932861328,169.0500030517578,170.42999267578125,169.9888458251953,66921800,AAPL
2023-09-28,169.33999633789062,172.02999877929688,167.6199951171875,170.69000244140625,170.24818420410156,56294400,AAPL
2023-09-29,172.02000427246094,173.07000732421875,170.33999633789062,171.2100067138672,170.766845703125,51814200,AAPL
2023-10-02,171.22000122070312,174.3000030517578,170.92999267578125,173.75,173.3002471923828,52164500,AAPL
2023-10-03,172.25999450683594,173.6300048828125,170.82000732421875,172.39999389648438,171.9537353515625,49594600,AAPL
2023-10-04,171.08999633789062,174.2100067138672,170.97000122070312,173.66000366210938,173.2104949951172,53020300,AAPL
2023-10-05,173.7899932861328,175.4499969482422,172.67999267578125,174.91000366210938,174.45726013183594,48527900,AAPL
2023-10-06,173.8000030517578,177.99000549316406,173.17999267578125,177.49000549316406,177.03057861328125,57224100,AAPL
2023-10-09,176.80999755859375,179.0500030517578,175.8000030517578,178.99000549316406,178.52670288085938,42390800,AAPL
2023-10-10,178.10000610351562,179.72000122070312,177.9499969482422,178.38999938964844,177.92825317382812,43698000,AAPL
2023-10-11,178.1999969482422,179.85000610351562,177.60000610351562,179.8000030517578,179.3345947265625,47551100,AAPL
2023-10-12,180.07000732421875,182.33999633789062,179.0399932861328,180.7100067138672,180.24224853515625,56743100,AAPL
2023-10-13,181.4199981689453,181.92999267578125,178.13999938964844,178.85000610351562,178.38706970214844,51427100,AAPL
2023-10-16,176.75,179.0800018310547,176.50999450683594,178.72000122070312,178.25738525390625,52517000,AAPL
2023-10-17,176.64999389648438,178.4199981689453,174.8000030517578,177.14999389648438,176.6914520263672,57549400,AAPL
2023-10-18,175.5800018310547,177.5800018310547,175.11000061035156,175.83999633789062,175.3848419189453,54764400,AAPL
2023-10-19,176.0399932861328,177.83999633789062,175.19000244140625,175.4600067138672,175.00584411621094,59302900,AAPL
2023-10-20,175.30999755859375,175.4199981689453,172.63999938964844,172.8800048828125,172.43251037597656,64189300,AAPL
2023-10-23,170.91000366210938,174.00999450683594,169.92999267578125,173.0,172.5522003173828,55980100,AAPL
2023-10-24,173.0500030517578,173.6699981689453,171.4499969482422,173.44000244140625,172.99105834960938,43816600,AAPL
2023-10-25,171.8800048828125,173.05999755859375,170.64999389648438,171.10000610351562,170.65711975097656,57157000,AAPL
2023-10-26,170.3699951171875,171.3800048828125,165.6699981689453,166.88999938964844,166.4580078125,70625300,AAPL
2023-10-27,166.91000366210938,168.9600067138672,166.8300018310547,168.22000122070312,167.78456115722656,58499100,AAPL
2023-10-30,169.02000427246094,171.1699981689453,168.8699951171875,170.2899932861328,169.8491973876953,51131000,AAPL
2023-10-31,169.35000610351562,170.89999389648438,167.89999389648438,170.77000427246094,170.32797241210938,44846000,AAPL
2023-11-01,171.0,174.22999572753906,170.1199951171875,173.97000122070312,173.51968383789062,56934900,AAPL
2023-11-02,175.52000427246094,177.77999877929688,175.4600067138672,177.57000732421875,177.11036682128906,77334800,AAPL
2023-11-03,174.24000549316406,176.82000732421875,173.35000610351562,176.64999389648438,176.19273376464844,79763700,AAPL
2023-11-06,176.3800048828125,179.42999267578125,176.2100067138672,179.22999572753906,178.7660675048828,63841300,AAPL
2023-11-07,179.17999267578125,182.44000244140625,178.97000122070312,181.82000732421875,181.349365234375,70530000,AAPL
2023-11-08,182.35000610351562,183.4499969482422,181.58999633789062,182.88999938964844,182.41659545898438,49340300,AAPL
2023-11-09,182.9600067138672,184.1199951171875,181.80999755859375,182.41000366210938,181.93783569335938,53763500,AAPL
2023-11-10,183.97000122070312,186.57000732421875,183.52999877929688,186.39999389648438,186.16244506835938,66133400,AAPL
2023-11-13,185.82000732421875,186.02999877929688,184.2100067138672,184.8000030517578,184.5644989013672,43627500,AAPL
2023-11-14,187.6999969482422,188.11000061035156,186.3000030517578,187.44000244140625,187.2011260986328,60108400,AAPL
2023-11-15,187.85000610351562,189.5,187.77999877929688,188.00999450683594,187.7703857421875,53790500,AAPL
2023-11-16,189.57000732421875,190.9600067138672,188.64999389648438,189.7100067138672,189.46824645996094,54412900,AAPL
2023-11-17,190.25,190.3800048828125,188.57000732421875,189.69000244140625,189.44825744628906,50922700,AAPL
2023-11-20,189.88999938964844,191.91000366210938,189.8800048828125,191.4499969482422,191.2060089111328,46505100,AAPL
2023-11-21,191.41000366210938,191.52000427246094,189.74000549316406,190.63999938964844,190.3970489501953,38134500,AAPL
2023-11-22,191.49000549316406,192.92999267578125,190.8300018310547,191.30999755859375,191.06619262695312,39617700,AAPL
2023-11-24,190.8699951171875,190.89999389648438,189.25,189.97000122070312,189.7279052734375,24048300,AAPL
2023-11-27,189.9199981689453,190.6699981689453,188.89999389648438,189.7899932861328,189.54812622070312,40552600,AAPL
2023-11-28,189.77999877929688,191.0800018310547,189.39999389648438,190.39999389648438,190.1573486328125,38415400,AAPL
2023-11-29,190.89999389648438,192.08999633789062,188.97000122070312,189.3699951171875,189.128662109375,43014200,AAPL
2023-11-30,189.83999633789062,190.32000732421875,188.19000244140625,189.9499969482422,189.70791625976562,48794400,AAPL
2023-12-01,190.3300018310547,191.55999755859375,189.22999572753906,191.24000549316406,190.9962921142578,45679300,AAPL
2023-12-04,189.97999572753906,190.0500030517578,187.4499969482422,189.42999267578125,189.18858337402344,43389500,AAPL
2023-12-05,190.2100067138672,194.39999389648438,190.17999267578125,193.4199981689453,193.1735076904297,66628400,AAPL
2023-12-06,194.4499969482422,194.75999450683594,192.11000061035156,192.32000732421875,192.07492065429688,41089700,AAPL
2023-12-07,193.6300048828125,195.0,193.58999633789062,194.27000427246094,194.02243041992188,47477700,AAPL
2023-12-08,194.1999969482422,195.99000549316406,193.6699981689453,195.7100067138672,195.46058654785156,53377300,AAPL
2023-12-11,193.11000061035156,193.49000549316406,191.4199981689453,193.17999267578125,192.93380737304688,60943700,AAPL
2023-12-12,193.0800018310547,194.72000122070312,191.72000122070312,194.7100067138672,194.4618682861328,52696900,AAPL
2023-12-13,195.08999633789062,198.0,194.85000610351562,197.9600067138672,197.7077178955078,70404200,AAPL
2023-12-14,198.02000427246094,199.6199951171875,196.16000366210938,198.11000061035156,197.85752868652344,66831600,AAPL
2023-12-15,197.52999877929688,198.39999389648438,197.0,197.57000732421875,197.31822204589844,128256700,AAPL
2023-12-18,196.08999633789062,196.6300048828125,194.38999938964844,195.88999938964844,195.64035034179688,55751900,AAPL
2023-12-19,196.16000366210938,196.9499969482422,195.88999938964844,196.94000244140625,196.68902587890625,40714100,AAPL
2023-12-20,196.89999389648438,197.67999267578125,194.8300018310547,194.8300018310547,194.5817108154297,52242800,AAPL
2023-12-21,196.10000610351562,197.0800018310547,193.5,194.67999267578125,194.431884765625,46482500,AAPL
2023-12-22,195.17999267578125,195.41000366210938,192.97000122070312,193.60000610351562,193.35328674316406,37122800,AAPL
2023-12-26,193.61000061035156,193.88999938964844,192.8300018310547,193.0500030517578,192.80398559570312,28919300,AAPL
2023-12-27,192.49000549316406,193.5,191.08999633789062,193.14999389648438,192.90383911132812,48087700,AAPL
2023-12-28,194.13999938964844,194.66000366210938,193.1699981689453,193.5800018310547,193.3332977294922,34049900,AAPL
2023-12-29,193.89999389648438,194.39999389648438,191.72999572753906,192.52999877929688,192.28463745117188,42628800,AAPL
2024-01-02,187.14999389648438,188.44000244140625,183.88999938964844,185.63999938964844,185.40341186523438,82488700,AAPL
2024-01-03,184.22000122070312,185.8800048828125,183.42999267578125,184.25,184.01519775390625,58414500,AAPL
2024-01-04,182.14999389648438,183.08999633789062,180.8800048828125,181.91000366210938,181.6781768798828,71983600,AAPL
2024-01-05,181.99000549316406,182.75999450683594,180.1699981689453,181.17999267578125,180.9490966796875,62303300,AAPL
2024-01-08,182.08999633789062,185.60000610351562,181.5,185.55999755859375,185.32351684570312,59144500,AAPL
2024-01-09,183.9199981689453,185.14999389648438,182.72999572753906,185.13999938964844,184.904052734375,42841800,AAPL
2024-01-10,184.35000610351562,186.39999389648438,183.9199981689453,186.19000244140625,185.9527130126953,46792900,AAPL
2024-01-11,186.5399932861328,187.0500030517578,183.6199951171875,185.58999633789062,185.35348510742188,49128400,AAPL
2024-01-12,186.05999755859375,186.74000549316406,185.19000244140625,185.9199981689453,185.6830596923828,40444700,AAPL
2024-01-16,182.16000366210938,184.25999450683594,180.92999267578125,183.6300048828125,183.39598083496094,65603000,AAPL
2024-01-17,181.27000427246094,182.92999267578125,180.3000030517578,182.67999267578125,182.4471893310547,47317400,AAPL
2024-01-18,186.08999633789062,189.13999938964844,185.8300018310547,188.6300048828125,188.38961791992188,78005800,AAPL
2024-01-19,189.3300018310547,191.9499969482422,188.82000732421875,191.55999755859375,191.3158721923828,68741000,AAPL
2024-01-22,192.3000030517578,195.3300018310547,192.25999450683594,193.88999938964844,193.6428985595703,60133900,AAPL
2024-01-23,195.02000427246094,195.75,193.8300018310547,195.17999267578125,194.93125915527344,42355600,AAPL
2024-01-24,195.4199981689453,196.3800048828125,194.33999633789062,194.5,194.2521209716797,53631300,AAPL
2024-01-25,195.22000122070312,196.27000427246094,193.11000061035156,194.1699981689453,193.92254638671875,54822100,AAPL
2024-01-26,194.27000427246094,194.75999450683594,191.94000244140625,192.4199981689453,192.17477416992188,44594000,AAPL
2024-01-29,192.00999450683594,192.1999969482422,189.5800018310547,191.72999572753906,191.48565673828125,47145600,AAPL
2024-01-30,190.94000244140625,191.8000030517578,187.47000122070312,188.0399932861328,187.80035400390625,55859400,AAPL
2024-01-31,187.0399932861328,187.10000610351562,184.35000610351562,184.39999389648438,184.1649932861328,55467800,AAPL
2024-02-01,183.99000549316406,186.9499969482422,183.82000732421875,186.86000061035156,186.6218719482422,64885400,AAPL
2024-02-02,179.86000061035156,187.3300018310547,179.25,185.85000610351562,185.6131591796875,102518000,AAPL
2024-02-05,188.14999389648438,189.25,185.83999633789062,187.67999267578125,187.44081115722656,69668800,AAPL
2024-02-06,186.86000061035156,189.30999755859375,186.77000427246094,189.3000030517578,189.0587615966797,43490800,AAPL
2024-02-07,190.63999938964844,191.0500030517578,188.61000061035156,189.41000366210938,189.1686248779297,53439000,AAPL
2024-02-08,189.38999938964844,189.5399932861328,187.35000610351562,188.32000732421875,188.08001708984375,40962000,AAPL
2024-02-09,188.64999389648438,189.99000549316406,188.0,188.85000610351562,188.85000610351562,45155200,AAPL
2024-02-12,188.4199981689453,188.6699981689453,186.7899932861328,187.14999389648438,187.14999389648438,41781900,AAPL
2024-02-13,185.77000427246094,186.2100067138672,183.50999450683594,185.0399932861328,185.0399932861328,56529500,AAPL
2024-02-14,185.32000732421875,185.52999877929688,182.44000244140625,184.14999389648438,184.14999389648438,54630500,AAPL
2024-02-15,183.5500030517578,184.49000549316406,181.35000610351562,183.86000061035156,183.86000061035156,65434500,AAPL
2024-02-16,183.4199981689453,184.85000610351562,181.6699981689453,182.30999755859375,182.30999755859375,49701400,AAPL
2024-02-20,181.7899932861328,182.42999267578125,180.0,181.55999755859375,181.55999755859375,53665600,AAPL
2024-02-21,181.94000244140625,182.88999938964844,180.66000366210938,182.32000732421875,182.32000732421875,41529700,AAPL
2024-02-22,183.47999572753906,184.9600067138672,182.4600067138672,184.3699951171875,184.3699951171875,52292200,AAPL
2024-02-23,185.00999450683594,185.0399932861328,182.22999572753906,182.52000427246094,182.52000427246094,45119700,AAPL
2024-02-26,182.24000549316406,182.75999450683594,180.64999389648438,181.16000366210938,181.16000366210938,40867400,AAPL
2024-02-27,181.10000610351562,183.9199981689453,179.55999755859375,182.6300048828125,182.6300048828125,54318900,AAPL
2024-02-28,182.50999450683594,183.1199951171875,180.1300048828125,181.4199981689453,181.4199981689453,48953900,AAPL
2024-02-29,181.27000427246094,182.57000732421875,179.52999877929688,180.75,180.75,136682600,AAPL
2024-03-01,179.5500030517578,180.52999877929688,177.3800048828125,179.66000366210938,179.66000366210938,73488000,AAPL
2024-03-04,176.14999389648438,176.89999389648438,173.7899932861328,175.10000610351562,175.10000610351562,81510100,AAPL
2024-03-05,170.75999450683594,172.0399932861328,169.6199951171875,170.1199951171875,170.1199951171875,95132400,AAPL
2024-03-06,171.05999755859375,171.24000549316406,168.67999267578125,169.1199951171875,169.1199951171875,68587700,AAPL
2024-03-07,169.14999389648438,170.72999572753906,168.49000549316406,169.0,169.0,71765100,AAPL
2024-03-08,169.0,173.6999969482422,168.94000244140625,170.72999572753906,170.72999572753906,76114600,AAPL
2024-03-11,172.94000244140625,174.3800048828125,172.0500030517578,172.75,172.75,60139500,AAPL
2024-03-12,173.14999389648438,174.02999877929688,171.00999450683594,173.22999572753906,173.22999572753906,59825400,AAPL
2024-03-13,172.77000427246094,173.19000244140625,170.75999450683594,171.1300048828125,171.1300048828125,52488700,AAPL
2024-03-14,172.91000366210938,174.30999755859375,172.0500030517578,173.0,173.0,72913500,AAPL
2024-03-15,171.1699981689453,172.6199951171875,170.2899932861328,172.6199951171875,172.6199951171875,121664700,AAPL
2024-03-18,175.57000732421875,177.7100067138672,173.52000427246094,173.72000122070312,173.72000122070312,75604200,AAPL
2024-03-19,174.33999633789062,176.61000061035156,173.02999877929688,176.0800018310547,176.0800018310547,55215200,AAPL
2024-03-20,175.72000122070312,178.6699981689453,175.08999633789062,178.6699981689453,178.6699981689453,53423100,AAPL
2024-03-21,177.0500030517578,177.49000549316406,170.83999633789062,171.3699951171875,171.3699951171875,105906200,AAPL
